{"errors":[],"warnings":[],"namedChunkGroups":{"app":{"chunks":[11,9,10,3],"assets":["js/webpack-runtime.e180f2b5f228e8211fcb.js","js/framework.194342e6d06beb00fc5c.js","css/../css/styles.35b3b9b64690a7b1780c.css","js/styles.81ad75281c312cd8b502.js","js/app.15fcb6d8d7d23a810c8c.js"],"children":{},"childAssets":{}},"component---cache-caches-gatsby-plugin-offline-app-shell-js":{"chunks":[4],"assets":["js/component---cache-caches-gatsby-plugin-offline-app-shell-js.16d83d4f7361846e9539.js"],"children":{},"childAssets":{}},"component---src-templates-blog-post-tsx":{"chunks":[0,1,7],"assets":["js/92bd2055a79937fd88a8e35dcfe1ae4e79174a13.47224607ebf8def613a8.js","js/3697ff5db8617bc0b6ddaa0fe80c49e202c60593.688b0da9f1421dd960ac.js","js/component---src-templates-blog-post-tsx.c46ab7c7be2552c3eca8.js"],"children":{},"childAssets":{}},"component---src-templates-categories-tsx":{"chunks":[0,1,2,8],"assets":["js/92bd2055a79937fd88a8e35dcfe1ae4e79174a13.47224607ebf8def613a8.js","js/3697ff5db8617bc0b6ddaa0fe80c49e202c60593.688b0da9f1421dd960ac.js","js/8c75ed52b5b718ffd35275e7af18102052108899.537a3d7ac3f767d5248c.js","js/component---src-templates-categories-tsx.86bea649186b4774b150.js"],"children":{},"childAssets":{}},"component---src-pages-404-tsx":{"chunks":[0,5],"assets":["js/92bd2055a79937fd88a8e35dcfe1ae4e79174a13.47224607ebf8def613a8.js","js/component---src-pages-404-tsx.7acfb742e92c16facde1.js"],"children":{},"childAssets":{}},"component---src-pages-index-tsx":{"chunks":[0,1,2,6],"assets":["js/92bd2055a79937fd88a8e35dcfe1ae4e79174a13.47224607ebf8def613a8.js","js/3697ff5db8617bc0b6ddaa0fe80c49e202c60593.688b0da9f1421dd960ac.js","js/8c75ed52b5b718ffd35275e7af18102052108899.537a3d7ac3f767d5248c.js","js/component---src-pages-index-tsx.be01ef7bb0f746fcf874.js"],"children":{},"childAssets":{}}},"assetsByChunkName":{"app":["js/webpack-runtime.e180f2b5f228e8211fcb.js","js/framework.194342e6d06beb00fc5c.js","css/../css/styles.35b3b9b64690a7b1780c.css","js/styles.81ad75281c312cd8b502.js","js/app.15fcb6d8d7d23a810c8c.js"],"component---cache-caches-gatsby-plugin-offline-app-shell-js":["js/component---cache-caches-gatsby-plugin-offline-app-shell-js.16d83d4f7361846e9539.js"],"component---src-templates-blog-post-tsx":["js/92bd2055a79937fd88a8e35dcfe1ae4e79174a13.47224607ebf8def613a8.js","js/3697ff5db8617bc0b6ddaa0fe80c49e202c60593.688b0da9f1421dd960ac.js","js/component---src-templates-blog-post-tsx.c46ab7c7be2552c3eca8.js"],"component---src-templates-categories-tsx":["js/92bd2055a79937fd88a8e35dcfe1ae4e79174a13.47224607ebf8def613a8.js","js/3697ff5db8617bc0b6ddaa0fe80c49e202c60593.688b0da9f1421dd960ac.js","js/8c75ed52b5b718ffd35275e7af18102052108899.537a3d7ac3f767d5248c.js","js/component---src-templates-categories-tsx.86bea649186b4774b150.js"],"component---src-pages-404-tsx":["js/92bd2055a79937fd88a8e35dcfe1ae4e79174a13.47224607ebf8def613a8.js","js/component---src-pages-404-tsx.7acfb742e92c16facde1.js"],"component---src-pages-index-tsx":["js/92bd2055a79937fd88a8e35dcfe1ae4e79174a13.47224607ebf8def613a8.js","js/3697ff5db8617bc0b6ddaa0fe80c49e202c60593.688b0da9f1421dd960ac.js","js/8c75ed52b5b718ffd35275e7af18102052108899.537a3d7ac3f767d5248c.js","js/component---src-pages-index-tsx.be01ef7bb0f746fcf874.js"]}}