{"errors":[],"warnings":[],"namedChunkGroups":{"app":{"chunks":[13,11,12,3],"assets":["js/webpack-runtime.33a25edd7e42f07e24a3.js","js/framework.4732038a8fedfb595f9d.js","css/../css/styles.5195110af6dfadcdbe57.css","js/styles.fccaeeb72400eb0ced43.js","js/app.513f8cddfe9f6b4cafc0.js"],"children":{},"childAssets":{}},"component---cache-caches-gatsby-plugin-offline-app-shell-js":{"chunks":[4],"assets":["js/component---cache-caches-gatsby-plugin-offline-app-shell-js.16d83d4f7361846e9539.js"],"children":{},"childAssets":{}},"component---src-templates-blog-post-tsx":{"chunks":[0,1,7],"assets":["js/39ddafa25508f9ab66adb98084ff770131ab7c55.4edcc5d983042c77304e.js","js/bfdad691425d6cb1bcd0448c8ba1904ad83e8ddc.688b0da9f1421dd960ac.js","js/component---src-templates-blog-post-tsx.c46ab7c7be2552c3eca8.js"],"children":{},"childAssets":{}},"component---src-templates-categories-tsx":{"chunks":[0,1,2,8],"assets":["js/39ddafa25508f9ab66adb98084ff770131ab7c55.4edcc5d983042c77304e.js","js/bfdad691425d6cb1bcd0448c8ba1904ad83e8ddc.688b0da9f1421dd960ac.js","js/3fd677a2cee07c2a7d44f4d224b27a7914baefd1.3382768b3917ea67cc93.js","js/component---src-templates-categories-tsx.86bea649186b4774b150.js"],"children":{},"childAssets":{}},"component---src-templates-tags-tsx":{"chunks":[0,1,2,10],"assets":["js/39ddafa25508f9ab66adb98084ff770131ab7c55.4edcc5d983042c77304e.js","js/bfdad691425d6cb1bcd0448c8ba1904ad83e8ddc.688b0da9f1421dd960ac.js","js/3fd677a2cee07c2a7d44f4d224b27a7914baefd1.3382768b3917ea67cc93.js","js/component---src-templates-tags-tsx.7aaef699e78a47bcaa0b.js"],"children":{},"childAssets":{}},"component---src-templates-series-tsx":{"chunks":[0,1,2,9],"assets":["js/39ddafa25508f9ab66adb98084ff770131ab7c55.4edcc5d983042c77304e.js","js/bfdad691425d6cb1bcd0448c8ba1904ad83e8ddc.688b0da9f1421dd960ac.js","js/3fd677a2cee07c2a7d44f4d224b27a7914baefd1.3382768b3917ea67cc93.js","js/component---src-templates-series-tsx.ca8f0502543ac7f13082.js"],"children":{},"childAssets":{}},"component---src-pages-404-tsx":{"chunks":[0,5],"assets":["js/39ddafa25508f9ab66adb98084ff770131ab7c55.4edcc5d983042c77304e.js","js/component---src-pages-404-tsx.4996f3eec96a29724bd6.js"],"children":{},"childAssets":{}},"component---src-pages-index-tsx":{"chunks":[0,1,2,6],"assets":["js/39ddafa25508f9ab66adb98084ff770131ab7c55.4edcc5d983042c77304e.js","js/bfdad691425d6cb1bcd0448c8ba1904ad83e8ddc.688b0da9f1421dd960ac.js","js/3fd677a2cee07c2a7d44f4d224b27a7914baefd1.3382768b3917ea67cc93.js","js/component---src-pages-index-tsx.69821406f5e603343c20.js"],"children":{},"childAssets":{}}},"assetsByChunkName":{"app":["js/webpack-runtime.33a25edd7e42f07e24a3.js","js/framework.4732038a8fedfb595f9d.js","css/../css/styles.5195110af6dfadcdbe57.css","js/styles.fccaeeb72400eb0ced43.js","js/app.513f8cddfe9f6b4cafc0.js"],"component---cache-caches-gatsby-plugin-offline-app-shell-js":["js/component---cache-caches-gatsby-plugin-offline-app-shell-js.16d83d4f7361846e9539.js"],"component---src-templates-blog-post-tsx":["js/39ddafa25508f9ab66adb98084ff770131ab7c55.4edcc5d983042c77304e.js","js/bfdad691425d6cb1bcd0448c8ba1904ad83e8ddc.688b0da9f1421dd960ac.js","js/component---src-templates-blog-post-tsx.c46ab7c7be2552c3eca8.js"],"component---src-templates-categories-tsx":["js/39ddafa25508f9ab66adb98084ff770131ab7c55.4edcc5d983042c77304e.js","js/bfdad691425d6cb1bcd0448c8ba1904ad83e8ddc.688b0da9f1421dd960ac.js","js/3fd677a2cee07c2a7d44f4d224b27a7914baefd1.3382768b3917ea67cc93.js","js/component---src-templates-categories-tsx.86bea649186b4774b150.js"],"component---src-templates-tags-tsx":["js/39ddafa25508f9ab66adb98084ff770131ab7c55.4edcc5d983042c77304e.js","js/bfdad691425d6cb1bcd0448c8ba1904ad83e8ddc.688b0da9f1421dd960ac.js","js/3fd677a2cee07c2a7d44f4d224b27a7914baefd1.3382768b3917ea67cc93.js","js/component---src-templates-tags-tsx.7aaef699e78a47bcaa0b.js"],"component---src-templates-series-tsx":["js/39ddafa25508f9ab66adb98084ff770131ab7c55.4edcc5d983042c77304e.js","js/bfdad691425d6cb1bcd0448c8ba1904ad83e8ddc.688b0da9f1421dd960ac.js","js/3fd677a2cee07c2a7d44f4d224b27a7914baefd1.3382768b3917ea67cc93.js","js/component---src-templates-series-tsx.ca8f0502543ac7f13082.js"],"component---src-pages-404-tsx":["js/39ddafa25508f9ab66adb98084ff770131ab7c55.4edcc5d983042c77304e.js","js/component---src-pages-404-tsx.4996f3eec96a29724bd6.js"],"component---src-pages-index-tsx":["js/39ddafa25508f9ab66adb98084ff770131ab7c55.4edcc5d983042c77304e.js","js/bfdad691425d6cb1bcd0448c8ba1904ad83e8ddc.688b0da9f1421dd960ac.js","js/3fd677a2cee07c2a7d44f4d224b27a7914baefd1.3382768b3917ea67cc93.js","js/component---src-pages-index-tsx.69821406f5e603343c20.js"]}}